{"admin_1":{"ki":{"ki-x01~":{"geodata":[[0.08184400000000061,[-157.491,1.713,-157.175,1.972],[-157.33300000000003,1.8425],[[[-157.191,1.764],[-157.223,1.774],[-157.325,1.836],[-157.348,1.861],[-157.322,1.972],[-157.382,1.902],[-157.424,1.902],[-157.491,1.85],[-157.449,1.8],[-157.411,1.782],[-157.287,1.75],[-157.246,1.713],[-157.175,1.734],[-157.191,1.764]]]]],"label":{"alt":null,"local":null,"len":8,"ar":null,"bn":null,"de":null,"en":null,"es":null,"fr":null,"el":null,"hi":null,"hu":null,"id":null,"it":null,"ja":null,"ko":null,"nl":null,"pl":null,"pt":null,"ru":null,"sv":null,"tr":null,"vi":null,"zh":null}},"ki-x02~":{"geodata":[[0.0009880000000002762,[-155.906,-5.635,-155.868,-5.609],[-155.887,-5.622],[[[-155.899,-5.617],[-155.906,-5.635],[-155.868,-5.63],[-155.88,-5.609],[-155.899,-5.617]]]]],"label":{"alt":null,"local":null,"len":0,"ar":null,"bn":null,"de":null,"en":null,"es":null,"fr":null,"el":null,"hi":null,"hu":null,"id":null,"it":null,"ja":null,"ko":null,"nl":null,"pl":null,"pt":null,"ru":null,"sv":null,"tr":null,"vi":null,"zh":null}}}}}