{"admin_1":{"tc":{"tc-x03~":{"geodata":[[0.00959400000000045,[-72.337,21.77,-72.22,21.852],[-72.27850000000001,21.811],[[[-72.337,21.801],[-72.22,21.77],[-72.308,21.852],[-72.337,21.801]]]]],"label":{"alt":null,"local":null,"len":30,"ar":null,"bn":null,"de":null,"en":null,"es":null,"fr":null,"el":null,"hi":null,"hu":null,"id":null,"it":null,"ja":null,"ko":null,"nl":null,"pl":null,"pt":null,"ru":null,"sv":null,"tr":null,"vi":null,"zh":null}},"tc-x04~":{"geodata":[[0.003527999999999969,[-71.508,21.662,-71.452,21.725],[-71.47999999999999,21.6935],[[[-71.508,21.705],[-71.471,21.662],[-71.452,21.69],[-71.481,21.725],[-71.508,21.705]]]]],"label":{"alt":null,"local":null,"len":28,"ar":null,"bn":null,"de":null,"en":null,"es":null,"fr":null,"el":null,"hi":null,"hu":null,"id":null,"it":null,"ja":null,"ko":null,"nl":null,"pl":null,"pt":null,"ru":null,"sv":null,"tr":null,"vi":null,"zh":null}},"tc-x01~":{"geodata":[[0.01210399999999943,[-71.809,21.774,-71.631,21.842],[-71.72,21.808],[[[-71.803,21.788],[-71.741,21.795],[-71.686,21.774],[-71.631,21.774],[-71.679,21.842],[-71.809,21.84],[-71.803,21.788]]]]],"label":{"alt":null,"local":null,"len":13,"ar":null,"bn":null,"de":null,"en":null,"es":null,"fr":null,"el":null,"hi":null,"hu":null,"id":null,"it":null,"ja":null,"ko":null,"nl":null,"pl":null,"pt":null,"ru":null,"sv":null,"tr":null,"vi":null,"zh":null}},"tc-x02~":{"geodata":[[0.010947999999999831,[-72.022,21.867,-71.903,21.959],[-71.9625,21.913],[[[-72.022,21.905],[-71.964,21.933],[-71.961,21.877],[-71.903,21.867],[-71.911,21.948],[-72.008,21.959],[-72.022,21.905]]]]],"label":{"alt":null,"local":null,"len":12,"ar":null,"bn":null,"de":null,"en":null,"es":null,"fr":null,"el":null,"hi":null,"hu":null,"id":null,"it":null,"ja":null,"ko":null,"nl":null,"pl":null,"pt":null,"ru":null,"sv":null,"tr":null,"vi":null,"zh":null}},"tc-x05~":{"geodata":[[0.0012240000000000074,[-71.152,21.446,-71.134,21.514],[-71.143,21.48],[[[-71.138,21.514],[-71.152,21.451],[-71.134,21.446],[-71.138,21.514]]]]],"label":{"alt":null,"local":null,"len":10,"ar":null,"bn":null,"de":null,"en":null,"es":null,"fr":null,"el":null,"hi":null,"hu":null,"id":null,"it":null,"ja":null,"ko":null,"nl":null,"pl":null,"pt":null,"ru":null,"sv":null,"tr":null,"vi":null,"zh":null}},"tc-x06~":{"geodata":[[0.0008100000000000614,[-71.219,21.311,-71.192,21.341],[-71.2055,21.326],[[[-71.21,21.341],[-71.219,21.314],[-71.214,21.311],[-71.192,21.335],[-71.21,21.341]]]]],"label":{"alt":null,"local":null,"len":8,"ar":null,"bn":null,"de":null,"en":null,"es":null,"fr":null,"el":null,"hi":null,"hu":null,"id":null,"it":null,"ja":null,"ko":null,"nl":null,"pl":null,"pt":null,"ru":null,"sv":null,"tr":null,"vi":null,"zh":null}}}}}