{"admin_1":{"pf":{"pf-x03~":{"geodata":[[0.03520000000000268,[-140.828,-17.86,-140.628,-17.684],[-140.728,-17.772],[[[-140.679,-17.78],[-140.628,-17.728],[-140.652,-17.684],[-140.782,-17.752],[-140.823,-17.807],[-140.828,-17.86],[-140.785,-17.859],[-140.679,-17.78]]]],[0.003338999999999766,[-146.392,-16.163,-146.339,-16.1],[-146.3655,-16.131500000000003],[[[-146.387,-16.108],[-146.392,-16.147],[-146.339,-16.163],[-146.359,-16.1],[-146.387,-16.108]]]]],"label":{"alt":null,"local":null,"len":15,"ar":null,"bn":null,"de":null,"en":null,"es":null,"fr":null,"el":null,"hi":null,"hu":null,"id":null,"it":null,"ja":null,"ko":null,"nl":null,"pl":null,"pt":null,"ru":null,"sv":null,"tr":null,"vi":null,"zh":null}},"pf-x01~":{"geodata":[[0.18290299999999748,[-149.642,-17.869,-149.149,-17.498],[-149.3955,-17.683500000000002],[[[-149.183,-17.731],[-149.304,-17.712],[-149.327,-17.684],[-149.327,-17.598],[-149.354,-17.54],[-149.43,-17.502],[-149.519,-17.498],[-149.604,-17.526],[-149.633,-17.553],[-149.642,-17.601],[-149.588,-17.731],[-149.45,-17.759],[-149.343,-17.725],[-149.334,-17.759],[-149.276,-17.845],[-149.19,-17.869],[-149.156,-17.846],[-149.149,-17.802],[-149.183,-17.731]]]],[0.012167999999999306,[-149.914,-17.568,-149.797,-17.464],[-149.8555,-17.516],[[[-149.797,-17.464],[-149.886,-17.492],[-149.914,-17.535],[-149.843,-17.568],[-149.805,-17.523],[-149.797,-17.464]]]]],"label":{"alt":null,"local":null,"len":16,"ar":null,"bn":null,"de":null,"en":null,"es":null,"fr":null,"el":null,"hi":null,"hu":null,"id":null,"it":null,"ja":null,"ko":null,"nl":null,"pl":null,"pt":null,"ru":null,"sv":null,"tr":null,"vi":null,"zh":null}},"pf-x02~":{"geodata":[[0.02359499999999999,[-151.495,-16.903,-151.352,-16.738],[-151.4235,-16.8205],[[[-151.479,-16.738],[-151.495,-16.765],[-151.488,-16.856],[-151.458,-16.903],[-151.352,-16.859],[-151.447,-16.74],[-151.479,-16.738]]]],[0.007332000000000371,[-151.536,-16.674,-151.458,-16.58],[-151.497,-16.627],[[[-151.458,-16.629],[-151.473,-16.58],[-151.536,-16.595],[-151.535,-16.642],[-151.463,-16.674],[-151.458,-16.629]]]]],"label":{"alt":null,"local":null,"len":15,"ar":null,"bn":null,"de":null,"en":null,"es":null,"fr":null,"el":null,"hi":null,"hu":null,"id":null,"it":null,"ja":null,"ko":null,"nl":null,"pl":null,"pt":null,"ru":null,"sv":null,"tr":null,"vi":null,"zh":null}},"pf-x04~":{"geodata":[[0.004599000000001237,[-144.347,-27.632,-144.284,-27.559],[-144.3155,-27.5955],[[[-144.284,-27.579],[-144.339,-27.559],[-144.347,-27.615],[-144.304,-27.632],[-144.284,-27.579]]]]],"label":{"alt":null,"local":null,"len":15,"ar":null,"bn":null,"de":null,"en":null,"es":null,"fr":null,"el":null,"hi":null,"hu":null,"id":null,"it":null,"ja":null,"ko":null,"nl":null,"pl":null,"pt":null,"ru":null,"sv":null,"tr":null,"vi":null,"zh":null}},"pf-x05~":{"geodata":[[0.051460000000003205,[-139.169,-9.854,-138.837,-9.699],[-139.003,-9.776499999999999],[[[-138.837,-9.741],[-138.867,-9.755],[-138.961,-9.734],[-138.985,-9.699],[-139.051,-9.701],[-139.169,-9.761],[-139.157,-9.815],[-139.126,-9.84],[-139.062,-9.854],[-139.055,-9.806],[-138.956,-9.81],[-138.869,-9.792],[-138.837,-9.741]]]],[0.03445599999999831,[-140.25,-8.927,-140.014,-8.781],[-140.132,-8.854],[[[-140.049,-8.823],[-140.09,-8.802],[-140.217,-8.781],[-140.248,-8.787],[-140.25,-8.839],[-140.228,-8.927],[-140.096,-8.919],[-140.014,-8.881],[-140.049,-8.823]]]],[0.01356999999999945,[-140.159,-9.438,-140.041,-9.323],[-140.1,-9.380500000000001],[[[-140.077,-9.323],[-140.159,-9.372],[-140.111,-9.438],[-140.063,-9.436],[-140.041,-9.351],[-140.077,-9.323]]]],[0.010560000000000345,[-139.144,-9.998,-139.048,-9.888],[-139.096,-9.943],[[[-139.082,-9.9],[-139.104,-9.888],[-139.144,-9.94],[-139.144,-9.998],[-139.048,-9.923],[-139.082,-9.9]]]],[0.00988199999999878,[-139.63,-8.939,-139.508,-8.858],[-139.56900000000002,-8.8985],[[[-139.514,-8.884],[-139.597,-8.858],[-139.63,-8.895],[-139.613,-8.939],[-139.508,-8.912],[-139.514,-8.884]]]],[0.00916400000000087,[-138.699,-10.542,-138.62,-10.426],[-138.6595,-10.484],[[[-138.699,-10.426],[-138.68,-10.474],[-138.686,-10.542],[-138.637,-10.542],[-138.62,-10.511],[-138.637,-10.441],[-138.699,-10.426]]]]],"label":{"alt":null,"local":null,"len":17,"ar":null,"bn":null,"de":null,"en":null,"es":null,"fr":null,"el":null,"hi":null,"hu":null,"id":null,"it":null,"ja":null,"ko":null,"nl":null,"pl":null,"pt":null,"ru":null,"sv":null,"tr":null,"vi":null,"zh":null}}}}}