{"admin_1":{"ck":{"ck-x03~":{"geodata":[[0.0034020000000008015,[-157.953,-21.932,-157.89,-21.878],[-157.92149999999998,-21.905],[[[-157.935,-21.878],[-157.953,-21.932],[-157.89,-21.915],[-157.935,-21.878]]]]],"label":{"alt":null,"local":null,"len":7,"ar":null,"bn":null,"de":null,"en":null,"es":null,"fr":null,"el":null,"hi":null,"hu":null,"id":null,"it":null,"ja":null,"ko":null,"nl":null,"pl":null,"pt":null,"ru":null,"sv":null,"tr":null,"vi":null,"zh":null}},"ck-x05~":{"geodata":[[0.0023680000000008425,[-157.74,-19.841,-157.708,-19.767],[-157.724,-19.804000000000002],[[[-157.708,-19.767],[-157.74,-19.818],[-157.708,-19.841],[-157.708,-19.767]]]]],"label":{"alt":null,"local":null,"len":7,"ar":null,"bn":null,"de":null,"en":null,"es":null,"fr":null,"el":null,"hi":null,"hu":null,"id":null,"it":null,"ja":null,"ko":null,"nl":null,"pl":null,"pt":null,"ru":null,"sv":null,"tr":null,"vi":null,"zh":null}},"ck-x11~":{"geodata":[[0.0021079999999994788,[-158.003,-8.981,-157.941,-8.947],[-157.97199999999998,-8.963999999999999],[[[-157.941,-8.981],[-157.941,-8.975],[-158.003,-8.947],[-157.979,-8.976],[-157.941,-8.981]]]]],"label":{"alt":"Tongareva|Mangarongaro|Hararanga|Te Pitaka","local":null,"len":7,"ar":null,"bn":null,"de":null,"en":null,"es":null,"fr":null,"el":null,"hi":null,"hu":null,"id":null,"it":null,"ja":null,"ko":null,"nl":null,"pl":null,"pt":null,"ru":null,"sv":null,"tr":null,"vi":null,"zh":null}},"ck-x04~":{"geodata":[[0.006120000000000357,[-159.833,-21.254,-159.743,-21.186],[-159.788,-21.22],[[[-159.798,-21.186],[-159.831,-21.196],[-159.833,-21.245],[-159.743,-21.254],[-159.743,-21.202],[-159.798,-21.186]]]]],"label":{"alt":null,"local":null,"len":9,"ar":null,"bn":null,"de":null,"en":null,"es":null,"fr":null,"el":null,"hi":null,"hu":null,"id":null,"it":null,"ja":null,"ko":null,"nl":null,"pl":null,"pt":null,"ru":null,"sv":null,"tr":null,"vi":null,"zh":null}},"ck-x06~":{"geodata":[[0.001187999999999962,[-157.349,-20.176,-157.313,-20.143],[-157.331,-20.1595],[[[-157.313,-20.155],[-157.349,-20.143],[-157.34,-20.176],[-157.313,-20.155]]]]],"label":{"alt":null,"local":null,"len":5,"ar":null,"bn":null,"de":null,"en":null,"es":null,"fr":null,"el":null,"hi":null,"hu":null,"id":null,"it":null,"ja":null,"ko":null,"nl":null,"pl":null,"pt":null,"ru":null,"sv":null,"tr":null,"vi":null,"zh":null}},"ck-x01~":{"geodata":[[0.0018060000000000374,[-158.12,-20.016,-158.078,-19.973],[-158.099,-19.9945],[[[-158.078,-19.994],[-158.12,-19.973],[-158.115,-20.016],[-158.078,-19.994]]]]],"label":{"alt":null,"local":null,"len":4,"ar":null,"bn":null,"de":null,"en":null,"es":null,"fr":null,"el":null,"hi":null,"hu":null,"id":null,"it":null,"ja":null,"ko":null,"nl":null,"pl":null,"pt":null,"ru":null,"sv":null,"tr":null,"vi":null,"zh":null}},"ck-x02~":{"geodata":[[0.0008369999999993138,[-158.956,-19.269,-158.925,-19.242],[-158.9405,-19.255499999999998],[[[-158.925,-19.269],[-158.938,-19.257],[-158.946,-19.242],[-158.956,-19.245],[-158.95,-19.254],[-158.937,-19.264],[-158.925,-19.269]]]]],"label":{"alt":null,"local":null,"len":8,"ar":"أيتوتاكي","bn":"আইতোটাকি","de":"Aitutaki","en":"Aitutaki","es":"Aitutaki","fr":"Aitutaki","el":"Αϊτουτάκι","hi":"एतुताकी","hu":"Aitutaki","id":"Aitutaki","it":"Aitutaki","ja":"アイツタキ島","ko":"아이투타키","nl":"Aitutaki","pl":"Aitutaki","pt":"Aitutaki","ru":"Аитутаки","sv":"Aitutaki","tr":"Aitutaki","vi":"Aitutaki","zh":"阿伊圖塔基"}},"ck-x08~":{"geodata":[[0.00011699999999977261,[-165.825,-10.889,-165.812,-10.88],[-165.8185,-10.8845],[[[-165.825,-10.882],[-165.814,-10.889],[-165.812,-10.88],[-165.825,-10.882]]]]],"label":{"alt":null,"local":null,"len":8,"ar":null,"bn":null,"de":null,"en":null,"es":null,"fr":null,"el":null,"hi":null,"hu":null,"id":null,"it":null,"ja":null,"ko":null,"nl":null,"pl":null,"pt":null,"ru":null,"sv":null,"tr":null,"vi":null,"zh":null}},"ck-x10~":{"geodata":[[0.0020160000000000677,[-160.986,-10.423,-160.938,-10.381],[-160.962,-10.402000000000001],[[[-160.986,-10.382],[-160.938,-10.423],[-160.98,-10.381],[-160.986,-10.382]]]]],"label":{"alt":null,"local":null,"len":8,"ar":null,"bn":null,"de":null,"en":null,"es":null,"fr":null,"el":null,"hi":null,"hu":null,"id":null,"it":null,"ja":null,"ko":null,"nl":null,"pl":null,"pt":null,"ru":null,"sv":null,"tr":null,"vi":null,"zh":null}},"ck-x09~":{"geodata":[[0.000120000000000002,[-161.088,-10.045,-161.076,-10.035],[-161.082,-10.04],[[[-161.088,-10.035],[-161.087,-10.045],[-161.076,-10.036],[-161.088,-10.035]]]]],"label":{"alt":null,"local":null,"len":9,"ar":null,"bn":null,"de":null,"en":null,"es":null,"fr":null,"el":null,"hi":null,"hu":null,"id":null,"it":null,"ja":null,"ko":null,"nl":null,"pl":null,"pt":null,"ru":null,"sv":null,"tr":null,"vi":null,"zh":null}},"ck-x07~":{"geodata":[[0.0012219999999991712,[-159.802,-18.878,-159.776,-18.831],[-159.789,-18.8545],[[[-159.785,-18.831],[-159.802,-18.866],[-159.776,-18.878],[-159.785,-18.831]]]]],"label":{"alt":null,"local":null,"len":10,"ar":null,"bn":null,"de":null,"en":null,"es":null,"fr":null,"el":null,"hi":null,"hu":null,"id":null,"it":null,"ja":null,"ko":null,"nl":null,"pl":null,"pt":null,"ru":null,"sv":null,"tr":null,"vi":null,"zh":null}}}}}