{"admin_1":{"bm":{"bm-ham":{"geodata":[[0.00045900000000009876,[-64.722,32.336,-64.695,32.353],[-64.70849999999999,32.3445],[[[-64.705,32.336],[-64.695,32.34],[-64.708,32.352],[-64.722,32.353],[-64.705,32.336]]]],[0.00024000000000008924,[-64.714,32.321,-64.698,32.336],[-64.70599999999999,32.3285],[[[-64.714,32.329],[-64.707,32.321],[-64.698,32.326],[-64.705,32.336],[-64.714,32.329]]]]],"label":{"alt":null,"local":null,"len":8,"ar":null,"bn":null,"de":null,"en":null,"es":null,"fr":null,"el":null,"hi":null,"hu":null,"id":null,"it":null,"ja":null,"ko":null,"nl":null,"pl":null,"pt":null,"ru":null,"sv":null,"tr":null,"vi":null,"zh":null}},"bm-smi":{"geodata":[[0.0011070000000003397,[-64.748,32.302,-64.707,32.329],[-64.72749999999999,32.3155],[[[-64.731,32.323],[-64.743,32.322],[-64.748,32.317],[-64.738,32.302],[-64.707,32.321],[-64.714,32.329],[-64.731,32.323]]]]],"label":{"alt":null,"local":null,"len":7,"ar":null,"bn":null,"de":null,"en":null,"es":null,"fr":null,"el":null,"hi":null,"hu":null,"id":null,"it":null,"ja":null,"ko":null,"nl":null,"pl":null,"pt":null,"ru":null,"sv":null,"tr":null,"vi":null,"zh":null}},"bm-dev":{"geodata":[[0.0013019999999999991,[-64.78,32.286,-64.738,32.317],[-64.759,32.301500000000004],[[[-64.78,32.303],[-64.779,32.291],[-64.761,32.286],[-64.738,32.302],[-64.748,32.317],[-64.78,32.303]]]]],"label":{"alt":null,"local":null,"len":10,"ar":null,"bn":null,"de":null,"en":null,"es":null,"fr":null,"el":null,"hi":null,"hu":null,"id":null,"it":null,"ja":null,"ko":null,"nl":null,"pl":null,"pt":null,"ru":null,"sv":null,"tr":null,"vi":null,"zh":null}},"bm-pem":{"geodata":[[0.00020800000000003945,[-64.795,32.29,-64.779,32.303],[-64.787,32.296499999999995],[[[-64.795,32.29],[-64.794,32.296],[-64.784,32.297],[-64.784,32.291],[-64.779,32.291],[-64.78,32.303],[-64.795,32.29]]]]],"label":{"alt":null,"local":null,"len":8,"ar":null,"bn":null,"de":null,"en":null,"es":null,"fr":null,"el":null,"hi":null,"hu":null,"id":null,"it":null,"ja":null,"ko":null,"nl":null,"pl":null,"pt":null,"ru":null,"sv":null,"tr":null,"vi":null,"zh":null}},"bm-ha":{"geodata":[[7.699999999994662e-05,[-64.795,32.29,-64.784,32.297],[-64.7895,32.293499999999995],[[[-64.784,32.291],[-64.784,32.297],[-64.794,32.296],[-64.795,32.29],[-64.784,32.291]]]]],"label":{"alt":null,"local":null,"len":16,"ar":null,"bn":null,"de":null,"en":null,"es":null,"fr":null,"el":null,"hi":null,"hu":null,"id":null,"it":null,"ja":null,"ko":null,"nl":null,"pl":null,"pt":null,"ru":null,"sv":null,"tr":null,"vi":null,"zh":null}},"bm-pag":{"geodata":[[0.0009359999999999005,[-64.797,32.265,-64.761,32.291],[-64.779,32.278],[[[-64.797,32.279],[-64.788,32.265],[-64.761,32.286],[-64.779,32.291],[-64.797,32.279]]]]],"label":{"alt":null,"local":null,"len":5,"ar":null,"bn":null,"de":null,"en":null,"es":null,"fr":null,"el":null,"hi":null,"hu":null,"id":null,"it":null,"ja":null,"ko":null,"nl":null,"pl":null,"pt":null,"ru":null,"sv":null,"tr":null,"vi":null,"zh":null}},"bm-war":{"geodata":[[0.0011250000000002985,[-64.833,32.254,-64.788,32.279],[-64.81049999999999,32.2665],[[[-64.833,32.26],[-64.815,32.254],[-64.788,32.265],[-64.797,32.279],[-64.833,32.26]]]]],"label":{"alt":null,"local":null,"len":7,"ar":null,"bn":null,"de":null,"en":null,"es":null,"fr":null,"el":null,"hi":null,"hu":null,"id":null,"it":null,"ja":null,"ko":null,"nl":null,"pl":null,"pt":null,"ru":null,"sv":null,"tr":null,"vi":null,"zh":null}},"bm-sou":{"geodata":[[0.0009750000000000029,[-64.88,32.254,-64.815,32.269],[-64.8475,32.2615],[[[-64.863,32.269],[-64.88,32.266],[-64.815,32.254],[-64.833,32.26],[-64.863,32.269]]]]],"label":{"alt":null,"local":null,"len":11,"ar":null,"bn":null,"de":null,"en":null,"es":null,"fr":null,"el":null,"hi":null,"hu":null,"id":null,"it":null,"ja":null,"ko":null,"nl":null,"pl":null,"pt":null,"ru":null,"sv":null,"tr":null,"vi":null,"zh":null}},"bm-san":{"geodata":[[0.0009459999999996122,[-64.88,32.266,-64.858,32.309],[-64.869,32.287499999999994],[[[-64.88,32.266],[-64.863,32.269],[-64.872,32.276],[-64.858,32.298],[-64.869,32.309],[-64.878,32.286],[-64.88,32.266]]]]],"label":{"alt":null,"local":null,"len":6,"ar":null,"bn":null,"de":null,"en":null,"es":null,"fr":null,"el":null,"hi":null,"hu":null,"id":null,"it":null,"ja":null,"ko":null,"nl":null,"pl":null,"pt":null,"ru":null,"sv":null,"tr":null,"vi":null,"zh":null}},"bm-sge":{"geodata":[[0.0024790000000001547,[-64.722,32.352,-64.655,32.389],[-64.6885,32.3705],[[[-64.722,32.353],[-64.708,32.352],[-64.691,32.364],[-64.655,32.359],[-64.676,32.389],[-64.722,32.353]],[[-64.677,32.37],[-64.681,32.376],[-64.672,32.381],[-64.668,32.374],[-64.677,32.37]]]],[0.0001400000000001006,[-64.705,32.326,-64.695,32.34],[-64.69999999999999,32.333],[[[-64.695,32.34],[-64.705,32.336],[-64.698,32.326],[-64.695,32.34]]]]],"label":{"alt":null,"local":null,"len":14,"ar":null,"bn":null,"de":null,"en":null,"es":null,"fr":null,"el":null,"hi":null,"hu":null,"id":null,"it":null,"ja":null,"ko":null,"nl":null,"pl":null,"pt":null,"ru":null,"sv":null,"tr":null,"vi":null,"zh":null}},"bm-sg":{"geodata":[[0.00014299999999993742,[-64.681,32.37,-64.668,32.381],[-64.6745,32.3755],[[[-64.677,32.37],[-64.668,32.374],[-64.672,32.381],[-64.681,32.376],[-64.677,32.37]]]]],"label":{"alt":null,"local":null,"len":20,"ar":null,"bn":null,"de":null,"en":null,"es":null,"fr":null,"el":null,"hi":null,"hu":null,"id":null,"it":null,"ja":null,"ko":null,"nl":null,"pl":null,"pt":null,"ru":null,"sv":null,"tr":null,"vi":null,"zh":null}}}}}