{"admin_1":{"as":{"as-x05~":{"geodata":[[0.010763999999998353,[-170.831,-14.367,-170.693,-14.289],[-170.762,-14.328],[[[-170.693,-14.315],[-170.722,-14.289],[-170.789,-14.295],[-170.831,-14.319],[-170.755,-14.367],[-170.693,-14.315]]]]],"label":{"alt":null,"local":null,"len":7,"ar":null,"bn":null,"de":null,"en":null,"es":null,"fr":null,"el":null,"hi":null,"hu":null,"id":null,"it":null,"ja":null,"ko":null,"nl":null,"pl":null,"pt":null,"ru":null,"sv":null,"tr":null,"vi":null,"zh":null}},"as-x01~":{"geodata":[[0.006120000000000101,[-170.722,-14.315,-170.62,-14.255],[-170.671,-14.285],[[[-170.722,-14.289],[-170.693,-14.315],[-170.62,-14.255],[-170.698,-14.261],[-170.722,-14.289]]]]],"label":{"alt":null,"local":null,"len":7,"ar":null,"bn":null,"de":null,"en":null,"es":null,"fr":null,"el":null,"hi":null,"hu":null,"id":null,"it":null,"ja":null,"ko":null,"nl":null,"pl":null,"pt":null,"ru":null,"sv":null,"tr":null,"vi":null,"zh":null}},"as-x02~":{"geodata":[[0.004608000000000179,[-169.543,-14.271,-169.447,-14.223],[-169.495,-14.247],[[[-169.464,-14.223],[-169.543,-14.237],[-169.523,-14.271],[-169.447,-14.256],[-169.464,-14.223]]]]],"label":{"alt":null,"local":null,"len":6,"ar":null,"bn":null,"de":null,"en":null,"es":null,"fr":null,"el":null,"hi":null,"hu":null,"id":null,"it":null,"ja":null,"ko":null,"nl":null,"pl":null,"pt":null,"ru":null,"sv":null,"tr":null,"vi":null,"zh":null}},"as-x03~":{"geodata":[[0.00015600000000004556,[-168.173,-14.533,-168.16,-14.521],[-168.16649999999998,-14.527000000000001],[[[-168.162,-14.533],[-168.16,-14.521],[-168.173,-14.524],[-168.162,-14.533]]]]],"label":{"alt":null,"local":null,"len":10,"ar":null,"bn":null,"de":null,"en":null,"es":null,"fr":null,"el":null,"hi":null,"hu":null,"id":null,"it":null,"ja":null,"ko":null,"nl":null,"pl":null,"pt":null,"ru":null,"sv":null,"tr":null,"vi":null,"zh":null}},"as-x04~":{"geodata":[[0.00019500000000008584,[-171.086,-11.066,-171.073,-11.051],[-171.0795,-11.0585],[[[-171.073,-11.053],[-171.086,-11.051],[-171.082,-11.066],[-171.073,-11.062],[-171.073,-11.053]]]]],"label":{"alt":null,"local":null,"len":14,"ar":null,"bn":null,"de":null,"en":null,"es":null,"fr":null,"el":null,"hi":null,"hu":null,"id":null,"it":null,"ja":null,"ko":null,"nl":null,"pl":null,"pt":null,"ru":null,"sv":null,"tr":null,"vi":null,"zh":null}}}}}