{"admin_1":{"ax":{"ax-x11~":{"geodata":[[0.0048639999999998094,[20.202,60.086,20.278,60.15],[20.240000000000002,60.117999999999995],[[[20.278,60.142],[20.222,60.15],[20.202,60.088],[20.269,60.086],[20.278,60.142]]]]],"label":{"alt":null,"local":null,"len":10,"ar":null,"bn":null,"de":null,"en":null,"es":null,"fr":null,"el":null,"hi":null,"hu":null,"id":null,"it":null,"ja":null,"ko":null,"nl":null,"pl":null,"pt":null,"ru":null,"sv":null,"tr":null,"vi":null,"zh":null}},"ax-x04~":{"geodata":[[0.019749999999999712,[19.513,60.135,19.671,60.26],[19.592,60.1975],[[[19.639,60.221],[19.579,60.26],[19.513,60.184],[19.545,60.135],[19.671,60.158],[19.639,60.221]]]]],"label":{"alt":null,"local":null,"len":6,"ar":null,"bn":null,"de":null,"en":null,"es":null,"fr":null,"el":null,"hi":null,"hu":null,"id":null,"it":null,"ja":null,"ko":null,"nl":null,"pl":null,"pt":null,"ru":null,"sv":null,"tr":null,"vi":null,"zh":null}},"ax-x12~":{"geodata":[[0.00445300000000002,[20.38,60.197,20.441,60.27],[20.4105,60.23350000000001],[[[20.428,60.266],[20.38,60.27],[20.393,60.197],[20.441,60.245],[20.428,60.266]]]]],"label":{"alt":null,"local":null,"len":5,"ar":null,"bn":null,"de":null,"en":null,"es":null,"fr":null,"el":null,"hi":null,"hu":null,"id":null,"it":null,"ja":null,"ko":null,"nl":null,"pl":null,"pt":null,"ru":null,"sv":null,"tr":null,"vi":null,"zh":null}},"ax-x14~":{"geodata":[[0.002448000000000015,[20.781,60.232,20.853,60.266],[20.817,60.248999999999995],[[[20.819,60.232],[20.853,60.266],[20.781,60.264],[20.819,60.232]]]]],"label":{"alt":null,"local":null,"len":8,"ar":null,"bn":null,"de":null,"en":null,"es":null,"fr":null,"el":null,"hi":null,"hu":null,"id":null,"it":null,"ja":null,"ko":null,"nl":null,"pl":null,"pt":null,"ru":null,"sv":null,"tr":null,"vi":null,"zh":null}},"ax-x02~":{"geodata":[[0.021184999999999985,[19.81,60.091,20.033,60.186],[19.9215,60.1385],[[[19.91,60.101],[19.937,60.111],[19.966,60.091],[20.033,60.144],[19.944,60.186],[19.847,60.178],[19.81,60.149],[19.824,60.094],[19.91,60.101]]]]],"label":{"alt":null,"local":null,"len":6,"ar":null,"bn":null,"de":null,"en":null,"es":null,"fr":null,"el":null,"hi":null,"hu":null,"id":null,"it":null,"ja":null,"ko":null,"nl":null,"pl":null,"pt":null,"ru":null,"sv":null,"tr":null,"vi":null,"zh":null}},"ax-x09~":{"geodata":[[0.0011199999999997959,[19.91,60.091,19.966,60.111],[19.938000000000002,60.101],[[[19.966,60.091],[19.937,60.111],[19.91,60.101],[19.966,60.091]]]]],"label":{"alt":null,"local":null,"len":9,"ar":null,"bn":null,"de":null,"en":null,"es":null,"fr":null,"el":null,"hi":null,"hu":null,"id":null,"it":null,"ja":null,"ko":null,"nl":null,"pl":null,"pt":null,"ru":null,"sv":null,"tr":null,"vi":null,"zh":null}},"ax-x16~":{"geodata":[[0.0011439999999999896,[20.932,59.936,20.984,59.958],[20.958,59.947],[[[20.984,59.943],[20.935,59.958],[20.932,59.936],[20.984,59.943]]]]],"label":{"alt":null,"local":null,"len":5,"ar":null,"bn":null,"de":null,"en":null,"es":null,"fr":null,"el":null,"hi":null,"hu":null,"id":null,"it":null,"ja":null,"ko":null,"nl":null,"pl":null,"pt":null,"ru":null,"sv":null,"tr":null,"vi":null,"zh":null}},"ax-x06~":{"geodata":[[0.005074000000000842,[20.281,59.977,20.399,60.02],[20.34,59.9985],[[[20.281,59.977],[20.399,59.981],[20.339,60.02],[20.281,59.977]]]]],"label":{"alt":null,"local":null,"len":5,"ar":null,"bn":null,"de":null,"en":null,"es":null,"fr":null,"el":null,"hi":null,"hu":null,"id":null,"it":null,"ja":null,"ko":null,"nl":null,"pl":null,"pt":null,"ru":null,"sv":null,"tr":null,"vi":null,"zh":null}},"ax-x13~":{"geodata":[[0.0008800000000001473,[20.639,60.131,20.683,60.151],[20.661,60.141000000000005],[[[20.683,60.131],[20.654,60.151],[20.639,60.131],[20.683,60.131]]]]],"label":{"alt":null,"local":null,"len":8,"ar":null,"bn":null,"de":null,"en":null,"es":null,"fr":null,"el":null,"hi":null,"hu":null,"id":null,"it":null,"ja":null,"ko":null,"nl":null,"pl":null,"pt":null,"ru":null,"sv":null,"tr":null,"vi":null,"zh":null}},"ax-x10~":{"geodata":[[0.02024600000000058,[20.034,59.989,20.225,60.095],[20.1295,60.042],[[[20.034,60.064],[20.104,60.028],[20.123,59.989],[20.225,60.005],[20.193,60.066],[20.101,60.095],[20.034,60.064]]]]],"label":{"alt":null,"local":null,"len":7,"ar":null,"bn":null,"de":null,"en":null,"es":null,"fr":null,"el":null,"hi":null,"hu":null,"id":null,"it":null,"ja":null,"ko":null,"nl":null,"pl":null,"pt":null,"ru":null,"sv":null,"tr":null,"vi":null,"zh":null}},"ax-x15~":{"geodata":[[0.0009499999999999524,[21.059,60.455,21.097,60.48],[21.078000000000003,60.4675],[[[21.089,60.48],[21.059,60.467],[21.065,60.455],[21.097,60.463],[21.089,60.48]]]]],"label":{"alt":null,"local":null,"len":6,"ar":null,"bn":null,"de":null,"en":null,"es":null,"fr":null,"el":null,"hi":null,"hu":null,"id":null,"it":null,"ja":null,"ko":null,"nl":null,"pl":null,"pt":null,"ru":null,"sv":null,"tr":null,"vi":null,"zh":null}}}}}